{"data": [{"temperature": 25.38399506}, {"humidity": 42.24954987}, {"pressure": 1024.140503}]}